-- phpMyAdmin SQL Dump
-- version 4.9.5
-- https://www.phpmyadmin.net/
--
-- Host: localhost:3306
-- Generation Time: Oct 09, 2020 at 08:55 AM
-- Server version: 10.3.24-MariaDB-cll-lve
-- PHP Version: 7.3.6

SET SQL_MODE = "NO_AUTO_VALUE_ON_ZERO";
SET AUTOCOMMIT = 0;
START TRANSACTION;
SET time_zone = "+00:00";


/*!40101 SET @OLD_CHARACTER_SET_CLIENT=@@CHARACTER_SET_CLIENT */;
/*!40101 SET @OLD_CHARACTER_SET_RESULTS=@@CHARACTER_SET_RESULTS */;
/*!40101 SET @OLD_COLLATION_CONNECTION=@@COLLATION_CONNECTION */;
/*!40101 SET NAMES utf8mb4 */;

--
-- Database: `gamepane_nightteer_db`
--

-- --------------------------------------------------------

--
-- Table structure for table `database_change`
--

CREATE TABLE `database_change` (
  `id` int(11) NOT NULL,
  `last_table_name` varchar(50) DEFAULT NULL,
  `fr` int(11) DEFAULT NULL,
  `sr` int(11) DEFAULT NULL,
  `fr_record_time` timestamp NOT NULL DEFAULT current_timestamp() ON UPDATE current_timestamp(),
  `sr_record_time` timestamp NOT NULL DEFAULT '0000-00-00 00:00:00' ON UPDATE current_timestamp(),
  `inforce` int(11) DEFAULT 1
) ENGINE=InnoDB DEFAULT CHARSET=utf8;

--
-- Dumping data for table `database_change`
--

INSERT INTO `database_change` (`id`, `last_table_name`, `fr`, `sr`, `fr_record_time`, `sr_record_time`, `inforce`) VALUES
(1, 'draw_details', 42, 97, '2020-06-11 12:31:10', '2020-06-11 12:31:20', 1);

-- --------------------------------------------------------

--
-- Table structure for table `draw_details`
--

CREATE TABLE `draw_details` (
  `draw_details_id` varchar(20) NOT NULL,
  `draw_master_id` int(11) DEFAULT NULL,
  `fr_value` int(11) DEFAULT NULL,
  `sr_value` int(11) DEFAULT NULL,
  `record_date` date DEFAULT NULL,
  `record_time` timestamp NOT NULL DEFAULT current_timestamp() ON UPDATE current_timestamp()
) ENGINE=InnoDB DEFAULT CHARSET=utf8;

--
-- Dumping data for table `draw_details`
--

INSERT INTO `draw_details` (`draw_details_id`, `draw_master_id`, `fr_value`, `sr_value`, `record_date`, `record_time`) VALUES
('FR-00127-20181209', 1, 66, NULL, '2020-05-09', '2020-05-09 03:41:08'),
('FR-00128-20181210', 1, 1, NULL, '2020-05-29', '2020-05-29 17:27:49'),
('FR-00129-20181212', 1, 3, NULL, '2020-05-12', '2020-05-12 17:20:09'),
('FR-00130-20181213', 1, 48, NULL, '2020-05-13', '2020-05-13 15:18:16'),
('FR-00131-20181214', 1, 4, NULL, '2020-05-14', '2020-05-14 15:17:30'),
('FR-00132-20181215', 1, 87, NULL, '2020-05-15', '2020-05-15 15:21:54'),
('FR-00133-20181216', 1, 95, NULL, '2020-05-16', '2020-05-16 15:18:52'),
('FR-00134-20181217', 1, 81, NULL, '2020-05-17', '2020-05-17 16:42:56'),
('FR-00135-20181219', 1, 5, NULL, '2020-05-19', '2020-05-19 17:23:40'),
('FR-00136-20181220', 1, 70, NULL, '2020-05-20', '2020-05-20 15:44:10'),
('FR-00137-20190103', 1, 56, NULL, '2020-05-21', '2020-05-21 17:41:16'),
('FR-00138-20190104', 1, 9, NULL, '2020-05-22', '2020-05-22 15:17:27'),
('FR-00139-20190105', 1, 51, NULL, '2020-05-23', '2020-05-23 15:16:21'),
('FR-00140-20190106', 1, 97, NULL, '2020-05-24', '2020-05-24 15:26:28'),
('FR-00141-20190107', 1, 0, NULL, '2020-05-25', '2020-05-25 17:40:04'),
('FR-00142-20190108', 1, 19, NULL, '2020-05-26', '2020-05-26 15:12:10'),
('FR-00143-20190112', 1, 88, NULL, '2020-05-27', '2020-05-27 16:04:32'),
('FR-00144-20190113', 1, 34, NULL, '2020-05-28', '2020-05-28 09:51:59'),
('FR-00145-20190117', 1, 11, NULL, '2020-05-11', '2020-05-11 15:15:12'),
('FR-00146-20190226', 1, 89, NULL, '2020-05-18', '2020-05-18 14:39:31'),
('FR-00222-20200530', 1, 51, NULL, '2020-05-30', '2020-05-30 12:51:39'),
('FR-00223-20200531', 1, 64, NULL, '2020-05-31', '2020-05-31 15:48:15'),
('FR-00224-20200601', 1, 12, NULL, '2020-06-01', '2020-06-01 13:56:48'),
('FR-00225-20200602', 1, 76, NULL, '2020-06-02', '2020-06-02 11:01:05'),
('FR-00226-20200603', 1, 36, NULL, '2020-06-03', '2020-06-03 11:01:59'),
('FR-00227-20200604', 1, 44, NULL, '2020-06-04', '2020-06-04 12:35:40'),
('FR-00228-20200605', 1, 95, NULL, '2020-06-05', '2020-06-05 11:13:10'),
('FR-00229-20200606', 1, 66, NULL, '2020-06-06', '2020-06-06 13:39:47'),
('FR-00230-20200607', 1, 65, NULL, '2020-06-07', '2020-06-07 16:30:56'),
('FR-00231-20200609', 1, 76, NULL, '2020-06-09', '2020-06-09 17:01:19'),
('FR-00232-20200611', 1, 42, NULL, '2020-06-11', '2020-06-11 12:31:10'),
('FR-00233-20200611', 1, 42, NULL, '2020-06-11', '2020-06-11 12:31:10'),
('SR-00001-20181210', 2, NULL, 23, '2020-05-28', '2020-05-28 12:04:21'),
('SR-00078-20181209', 2, NULL, 86, '2020-05-10', '2020-05-09 22:11:21'),
('SR-00080-20181212', 2, NULL, 98, '2020-05-11', '2020-05-11 11:50:19'),
('SR-00081-20181213', 2, NULL, 13, '2020-05-12', '2020-05-12 12:03:44'),
('SR-00082-20181214', 2, NULL, 88, '2020-05-13', '2020-05-13 12:07:24'),
('SR-00083-20181216', 2, NULL, 31, '2020-05-14', '2020-05-14 11:27:02'),
('SR-00084-20181217', 2, NULL, 70, '2020-05-15', '2020-05-15 11:13:13'),
('SR-00085-20181219', 2, NULL, 87, '2020-05-16', '2020-05-16 11:53:54'),
('SR-00086-20190103', 2, NULL, 88, '2020-05-17', '2020-05-17 12:11:31'),
('SR-00087-20190104', 2, NULL, 41, '2020-05-18', '2020-05-18 11:20:27'),
('SR-00088-20190105', 2, NULL, 2, '2020-05-19', '2020-05-19 11:34:05'),
('SR-00089-20190106', 2, NULL, 25, '2020-05-20', '2020-05-20 11:40:20'),
('SR-00090-20190107', 2, NULL, 13, '2020-05-21', '2020-05-21 12:10:17'),
('SR-00091-20190108', 2, NULL, 99, '2020-05-22', '2020-05-22 10:45:50'),
('SR-00092-20190112', 2, NULL, 95, '2020-05-23', '2020-05-23 10:34:45'),
('SR-00093-20190113', 2, NULL, 14, '2020-05-24', '2020-05-24 12:58:19'),
('SR-00094-20190117', 2, NULL, 64, '2020-05-25', '2020-05-25 10:42:34'),
('SR-00095-20190226', 2, NULL, 88, '2020-05-26', '2020-05-26 09:10:09'),
('SR-00096-20190227', 2, NULL, 88, '2020-05-27', '2020-05-27 04:31:20'),
('SR-00097-20190313', 2, NULL, 66, '2020-05-29', '2020-05-29 17:29:10'),
('SR-00128-20181210', 2, NULL, 70, '2020-05-09', '2020-05-09 12:04:21'),
('SR-00159-20200530', 2, NULL, 27, '2020-05-30', '2020-05-30 12:52:10'),
('SR-00160-20200531', 2, NULL, 80, '2020-05-31', '2020-05-31 15:43:22'),
('SR-00161-20200601', 2, NULL, 46, '2020-06-01', '2020-06-01 13:57:21'),
('SR-00162-20200602', 2, NULL, 39, '2020-06-02', '2020-06-02 12:00:16'),
('SR-00163-20200603', 2, NULL, 75, '2020-06-03', '2020-06-03 12:02:01'),
('SR-00164-20200604', 2, NULL, 52, '2020-06-04', '2020-06-04 12:44:35'),
('SR-00165-20200605', 2, NULL, 7, '2020-06-05', '2020-06-05 12:46:31'),
('SR-00166-20200606', 2, NULL, 91, '2020-06-06', '2020-06-06 13:39:55'),
('SR-00167-20200607', 2, NULL, 8, '2020-06-07', '2020-06-07 16:31:02'),
('SR-00168-20200609', 2, NULL, 8, '2020-06-09', '2020-06-09 17:01:11'),
('SR-00169-20200611', 2, NULL, 97, '2020-06-11', '2020-06-11 12:31:20'),
('teer-1', 1, 8, NULL, '2020-05-01', '2020-04-30 18:30:00'),
('teer-10', 1, 28, NULL, '2020-04-02', '2020-04-01 18:30:00'),
('teer-100', 1, 74, NULL, '2020-01-02', '2020-01-01 18:30:00'),
('teer-101', 1, 4, NULL, '2020-01-03', '2020-01-02 18:30:00'),
('teer-102', 1, 12, NULL, '2020-01-04', '2020-01-03 18:30:00'),
('teer-103', 1, 61, NULL, '2020-01-05', '2020-01-04 18:30:00'),
('teer-104', 1, 82, NULL, '2020-01-06', '2020-01-05 18:30:00'),
('teer-105', 1, 94, NULL, '2020-01-07', '2020-01-06 18:30:00'),
('teer-106', 1, 43, NULL, '2020-01-08', '2020-01-07 18:30:00'),
('teer-107', 1, 92, NULL, '2020-01-09', '2020-01-08 18:30:00'),
('teer-108', 1, 17, NULL, '2020-01-10', '2020-01-09 18:30:00'),
('teer-109', 1, 45, NULL, '2020-01-11', '2020-01-10 18:30:00'),
('teer-11', 1, 23, NULL, '2020-04-03', '2020-04-02 18:30:00'),
('teer-110', 1, 29, NULL, '2020-01-12', '2020-01-11 18:30:00'),
('teer-111', 1, 55, NULL, '2020-01-13', '2020-01-12 18:30:00'),
('teer-112', 1, 47, NULL, '2020-01-14', '2020-01-13 18:30:00'),
('teer-113', 1, 29, NULL, '2020-01-15', '2020-01-14 18:30:00'),
('teer-114', 1, 78, NULL, '2020-01-16', '2020-01-15 18:30:00'),
('teer-115', 1, 27, NULL, '2020-01-17', '2020-01-16 18:30:00'),
('teer-116', 1, 19, NULL, '2020-01-18', '2020-01-17 18:30:00'),
('teer-117', 1, 93, NULL, '2020-01-19', '2020-01-18 18:30:00'),
('teer-118', 1, 1, NULL, '2020-01-20', '2020-01-19 18:30:00'),
('teer-119', 1, 55, NULL, '2020-01-21', '2020-01-20 18:30:00'),
('teer-12', 1, 17, NULL, '2020-04-04', '2020-04-03 18:30:00'),
('teer-120', 1, 67, NULL, '2020-01-22', '2020-01-21 18:30:00'),
('teer-121', 1, 94, NULL, '2020-01-23', '2020-01-22 18:30:00'),
('teer-122', 1, 34, NULL, '2020-01-24', '2020-01-23 18:30:00'),
('teer-123', 1, 17, NULL, '2020-01-25', '2020-01-24 18:30:00'),
('teer-124', 1, 91, NULL, '2020-01-26', '2020-01-25 18:30:00'),
('teer-125', 1, 65, NULL, '2020-01-27', '2020-01-26 18:30:00'),
('teer-126', 1, 72, NULL, '2020-01-28', '2020-01-27 18:30:00'),
('teer-127', 1, 94, NULL, '2020-01-29', '2020-01-28 18:30:00'),
('teer-128', 1, 19, NULL, '2020-01-30', '2020-01-29 18:30:00'),
('teer-129', 1, 75, NULL, '2020-01-31', '2020-01-30 18:30:00'),
('teer-13', 1, 31, NULL, '2020-04-05', '2020-04-04 18:30:00'),
('teer-130', 2, NULL, 2, '2020-05-01', '2020-04-30 18:30:00'),
('teer-131', 2, NULL, 5, '2020-05-02', '2020-05-01 18:30:00'),
('teer-132', 2, NULL, 63, '2020-05-03', '2020-05-02 18:30:00'),
('teer-133', 2, NULL, 46, '2020-05-04', '2020-05-03 18:30:00'),
('teer-134', 2, NULL, 67, '2020-05-05', '2020-05-04 18:30:00'),
('teer-135', 2, NULL, 13, '2020-05-06', '2020-05-05 18:30:00'),
('teer-136', 2, NULL, 99, '2020-05-07', '2020-05-06 18:30:00'),
('teer-137', 2, NULL, 89, '2020-05-08', '2020-05-07 18:30:00'),
('teer-138', 2, NULL, 25, '2020-04-01', '2020-03-31 18:30:00'),
('teer-139', 2, NULL, 56, '2020-04-02', '2020-04-01 18:30:00'),
('teer-14', 1, 68, NULL, '2020-04-06', '2020-04-05 18:30:00'),
('teer-140', 2, NULL, 80, '2020-04-03', '2020-04-02 18:30:00'),
('teer-141', 2, NULL, 43, '2020-04-04', '2020-04-03 18:30:00'),
('teer-142', 2, NULL, 54, '2020-04-05', '2020-04-04 18:30:00'),
('teer-143', 2, NULL, 27, '2020-04-06', '2020-04-05 18:30:00'),
('teer-144', 2, NULL, 30, '2020-04-07', '2020-04-06 18:30:00'),
('teer-145', 2, NULL, 20, '2020-04-08', '2020-04-07 18:30:00'),
('teer-146', 2, NULL, 50, '2020-04-09', '2020-04-08 18:30:00'),
('teer-147', 2, NULL, 93, '2020-04-10', '2020-04-09 18:30:00'),
('teer-148', 2, NULL, 93, '2020-04-11', '2020-04-10 18:30:00'),
('teer-149', 2, NULL, 57, '2020-04-12', '2020-04-11 18:30:00'),
('teer-15', 1, 79, NULL, '2020-04-07', '2020-04-06 18:30:00'),
('teer-150', 2, NULL, 39, '2020-04-13', '2020-04-12 18:30:00'),
('teer-151', 2, NULL, 36, '2020-04-14', '2020-04-13 18:30:00'),
('teer-152', 2, NULL, 72, '2020-04-15', '2020-04-14 18:30:00'),
('teer-153', 2, NULL, 80, '2020-04-16', '2020-04-15 18:30:00'),
('teer-154', 2, NULL, 32, '2020-04-17', '2020-04-16 18:30:00'),
('teer-155', 2, NULL, 71, '2020-04-18', '2020-04-17 18:30:00'),
('teer-156', 2, NULL, 45, '2020-04-19', '2020-04-18 18:30:00'),
('teer-157', 2, NULL, 75, '2020-04-20', '2020-04-19 18:30:00'),
('teer-158', 2, NULL, 72, '2020-04-21', '2020-04-20 18:30:00'),
('teer-159', 2, NULL, 42, '2020-04-22', '2020-04-21 18:30:00'),
('teer-16', 1, 66, NULL, '2020-04-08', '2020-04-07 18:30:00'),
('teer-160', 2, NULL, 45, '2020-04-23', '2020-04-22 18:30:00'),
('teer-161', 2, NULL, 91, '2020-04-24', '2020-04-23 18:30:00'),
('teer-162', 2, NULL, 32, '2020-04-25', '2020-04-24 18:30:00'),
('teer-163', 2, NULL, 56, '2020-04-26', '2020-04-25 18:30:00'),
('teer-164', 2, NULL, 75, '2020-04-27', '2020-04-26 18:30:00'),
('teer-165', 2, NULL, 52, '2020-04-28', '2020-04-27 18:30:00'),
('teer-166', 2, NULL, 38, '2020-04-29', '2020-04-28 18:30:00'),
('teer-167', 2, NULL, 82, '2020-04-30', '2020-04-29 18:30:00'),
('teer-168', 2, NULL, 27, '2020-03-01', '2020-02-29 18:30:00'),
('teer-169', 2, NULL, 32, '2020-03-02', '2020-03-01 18:30:00'),
('teer-17', 1, 10, NULL, '2020-04-09', '2020-04-08 18:30:00'),
('teer-170', 2, NULL, 45, '2020-03-03', '2020-03-02 18:30:00'),
('teer-171', 2, NULL, 93, '2020-03-04', '2020-03-03 18:30:00'),
('teer-172', 2, NULL, 85, '2020-03-05', '2020-03-04 18:30:00'),
('teer-173', 2, NULL, 49, '2020-03-06', '2020-03-05 18:30:00'),
('teer-174', 2, NULL, 7, '2020-03-07', '2020-03-06 18:30:00'),
('teer-175', 2, NULL, 22, '2020-03-08', '2020-03-07 18:30:00'),
('teer-176', 2, NULL, 32, '2020-03-09', '2020-03-08 18:30:00'),
('teer-177', 2, NULL, 96, '2020-03-10', '2020-03-09 18:30:00'),
('teer-178', 2, NULL, 24, '2020-03-11', '2020-03-10 18:30:00'),
('teer-179', 2, NULL, 42, '2020-03-12', '2020-03-11 18:30:00'),
('teer-18', 1, 63, NULL, '2020-04-10', '2020-04-09 18:30:00'),
('teer-180', 2, NULL, 62, '2020-03-13', '2020-03-12 18:30:00'),
('teer-181', 2, NULL, 1, '2020-03-14', '2020-03-13 18:30:00'),
('teer-182', 2, NULL, 91, '2020-03-15', '2020-03-14 18:30:00'),
('teer-183', 2, NULL, 93, '2020-03-16', '2020-03-15 18:30:00'),
('teer-184', 2, NULL, 30, '2020-03-17', '2020-03-16 18:30:00'),
('teer-185', 2, NULL, 7, '2020-03-18', '2020-03-17 18:30:00'),
('teer-186', 2, NULL, 63, '2020-03-19', '2020-03-18 18:30:00'),
('teer-187', 2, NULL, 91, '2020-03-20', '2020-03-19 18:30:00'),
('teer-188', 2, NULL, 54, '2020-03-21', '2020-03-20 18:30:00'),
('teer-189', 2, NULL, 13, '2020-03-22', '2020-03-21 18:30:00'),
('teer-19', 1, 52, NULL, '2020-04-11', '2020-04-10 18:30:00'),
('teer-190', 2, NULL, 70, '2020-03-23', '2020-03-22 18:30:00'),
('teer-191', 2, NULL, 27, '2020-03-24', '2020-03-23 18:30:00'),
('teer-192', 2, NULL, 80, '2020-03-25', '2020-03-24 18:30:00'),
('teer-193', 2, NULL, 65, '2020-03-26', '2020-03-25 18:30:00'),
('teer-194', 2, NULL, 29, '2020-03-27', '2020-03-26 18:30:00'),
('teer-195', 2, NULL, 18, '2020-03-28', '2020-03-27 18:30:00'),
('teer-196', 2, NULL, 2, '2020-03-29', '2020-03-28 18:30:00'),
('teer-197', 2, NULL, 58, '2020-03-30', '2020-03-29 18:30:00'),
('teer-198', 2, NULL, 38, '2020-03-31', '2020-01-31 18:30:00'),
('teer-199', 2, NULL, 4, '2020-02-01', '2020-02-01 18:30:00'),
('teer-2', 1, 38, NULL, '2020-05-02', '2020-05-01 18:30:00'),
('teer-20', 1, 19, NULL, '2020-04-12', '2020-04-11 18:30:00'),
('teer-200', 2, NULL, 17, '2020-02-02', '2020-02-02 18:30:00'),
('teer-201', 2, NULL, 80, '2020-02-03', '2020-02-03 18:30:00'),
('teer-202', 2, NULL, 45, '2020-02-04', '2020-02-04 18:30:00'),
('teer-203', 2, NULL, 46, '2020-02-05', '2020-02-05 18:30:00'),
('teer-204', 2, NULL, 11, '2020-02-06', '2020-02-06 18:30:00'),
('teer-205', 2, NULL, 23, '2020-02-07', '2020-02-07 18:30:00'),
('teer-206', 2, NULL, 75, '2020-02-08', '2020-02-08 18:30:00'),
('teer-207', 2, NULL, 53, '2020-02-09', '2020-02-09 18:30:00'),
('teer-208', 2, NULL, 89, '2020-02-10', '2020-02-10 18:30:00'),
('teer-209', 2, NULL, 76, '2020-02-11', '2020-02-11 18:30:00'),
('teer-21', 1, 17, NULL, '2020-04-13', '2020-04-12 18:30:00'),
('teer-210', 2, NULL, 24, '2020-02-12', '2020-02-12 18:30:00'),
('teer-211', 2, NULL, 54, '2020-02-13', '2020-02-13 18:30:00'),
('teer-212', 2, NULL, 31, '2020-02-14', '2020-02-14 18:30:00'),
('teer-213', 2, NULL, 98, '2020-02-15', '2020-02-15 18:30:00'),
('teer-214', 2, NULL, 4, '2020-02-16', '2020-02-16 18:30:00'),
('teer-215', 2, NULL, 22, '2020-02-17', '2020-02-17 18:30:00'),
('teer-216', 2, NULL, 22, '2020-02-18', '2020-02-18 18:30:00'),
('teer-217', 2, NULL, 90, '2020-02-19', '2020-02-19 18:30:00'),
('teer-218', 2, NULL, 27, '2020-02-20', '2020-02-20 18:30:00'),
('teer-219', 2, NULL, 53, '2020-02-21', '2020-02-21 18:30:00'),
('teer-22', 1, 82, NULL, '2020-04-14', '2020-04-13 18:30:00'),
('teer-220', 2, NULL, 81, '2020-02-22', '2020-02-22 18:30:00'),
('teer-221', 2, NULL, 87, '2020-02-23', '2020-02-23 18:30:00'),
('teer-222', 2, NULL, 99, '2020-02-24', '2020-02-24 18:30:00'),
('teer-223', 2, NULL, 23, '2020-02-25', '2020-02-25 18:30:00'),
('teer-224', 2, NULL, 23, '2020-02-26', '2020-02-26 18:30:00'),
('teer-225', 2, NULL, 89, '2020-02-27', '2020-02-27 18:30:00'),
('teer-226', 2, NULL, 37, '2020-02-28', '2020-02-28 18:30:00'),
('teer-227', 2, NULL, 93, '2020-02-29', '2020-02-29 18:30:00'),
('teer-228', 2, NULL, 86, '2020-01-01', '2019-12-31 18:30:00'),
('teer-229', 2, NULL, 57, '2020-01-02', '2020-01-01 18:30:00'),
('teer-23', 1, 59, NULL, '2020-04-15', '2020-04-14 18:30:00'),
('teer-230', 2, NULL, 22, '2020-01-03', '2020-01-02 18:30:00'),
('teer-231', 2, NULL, 8, '2020-01-04', '2020-01-03 18:30:00'),
('teer-232', 2, NULL, 64, '2020-01-05', '2020-01-04 18:30:00'),
('teer-233', 2, NULL, 23, '2020-01-06', '2020-01-05 18:30:00'),
('teer-234', 2, NULL, 18, '2020-01-07', '2020-01-06 18:30:00'),
('teer-235', 2, NULL, 17, '2020-01-08', '2020-01-07 18:30:00'),
('teer-236', 2, NULL, 92, '2020-01-09', '2020-01-08 18:30:00'),
('teer-237', 2, NULL, 71, '2020-01-10', '2020-01-09 18:30:00'),
('teer-238', 2, NULL, 8, '2020-01-11', '2020-01-10 18:30:00'),
('teer-239', 2, NULL, 91, '2020-01-12', '2020-01-11 18:30:00'),
('teer-24', 1, 77, NULL, '2020-04-16', '2020-04-15 18:30:00'),
('teer-240', 2, NULL, 1, '2020-01-13', '2020-01-12 18:30:00'),
('teer-241', 2, NULL, 52, '2020-01-14', '2020-01-13 18:30:00'),
('teer-242', 2, NULL, 17, '2020-01-15', '2020-01-14 18:30:00'),
('teer-243', 2, NULL, 62, '2020-01-16', '2020-01-15 18:30:00'),
('teer-244', 2, NULL, 5, '2020-01-17', '2020-01-16 18:30:00'),
('teer-245', 2, NULL, 67, '2020-01-18', '2020-01-17 18:30:00'),
('teer-246', 2, NULL, 38, '2020-01-19', '2020-01-18 18:30:00'),
('teer-247', 2, NULL, 26, '2020-01-20', '2020-01-19 18:30:00'),
('teer-248', 2, NULL, 91, '2020-01-21', '2020-01-20 18:30:00'),
('teer-249', 2, NULL, 32, '2020-01-22', '2020-01-21 18:30:00'),
('teer-25', 1, 64, NULL, '2020-04-17', '2020-04-16 18:30:00'),
('teer-250', 2, NULL, 19, '2020-01-23', '2020-01-22 18:30:00'),
('teer-251', 2, NULL, 89, '2020-01-24', '2020-01-23 18:30:00'),
('teer-252', 2, NULL, 51, '2020-01-25', '2020-01-24 18:30:00'),
('teer-253', 2, NULL, 65, '2020-01-26', '2020-01-25 18:30:00'),
('teer-254', 2, NULL, 23, '2020-01-27', '2020-01-26 18:30:00'),
('teer-255', 2, NULL, 38, '2020-01-28', '2020-01-27 18:30:00'),
('teer-256', 2, NULL, 72, '2020-01-29', '2020-01-28 18:30:00'),
('teer-257', 2, NULL, 42, '2020-01-30', '2020-01-29 18:30:00'),
('teer-258', 2, NULL, 17, '2020-01-31', '2020-01-30 18:30:00'),
('teer-26', 1, 38, NULL, '2020-04-18', '2020-04-17 18:30:00'),
('teer-27', 1, 62, NULL, '2020-04-19', '2020-04-18 18:30:00'),
('teer-28', 1, 75, NULL, '2020-04-20', '2020-04-19 18:30:00'),
('teer-29', 1, 82, NULL, '2020-04-21', '2020-04-20 18:30:00'),
('teer-3', 1, 67, NULL, '2020-05-03', '2020-05-02 18:30:00'),
('teer-30', 1, 14, NULL, '2020-04-22', '2020-04-21 18:30:00'),
('teer-31', 1, 85, NULL, '2020-04-23', '2020-04-22 18:30:00'),
('teer-32', 1, 8, NULL, '2020-04-24', '2020-04-23 18:30:00'),
('teer-33', 1, 20, NULL, '2020-04-25', '2020-04-24 18:30:00'),
('teer-34', 1, 1, NULL, '2020-04-26', '2020-04-25 18:30:00'),
('teer-35', 1, 18, NULL, '2020-04-27', '2020-04-26 18:30:00'),
('teer-36', 1, 3, NULL, '2020-04-28', '2020-04-27 18:30:00'),
('teer-37', 1, 78, NULL, '2020-04-29', '2020-04-28 18:30:00'),
('teer-38', 1, 60, NULL, '2020-04-30', '2020-04-29 18:30:00'),
('teer-39', 1, 79, NULL, '2020-03-01', '2020-02-29 18:30:00'),
('teer-4', 1, 33, NULL, '2020-05-04', '2020-05-03 18:30:00'),
('teer-40', 1, 17, NULL, '2020-03-02', '2020-03-01 18:30:00'),
('teer-41', 1, 44, NULL, '2020-03-03', '2020-03-02 18:30:00'),
('teer-42', 1, 16, NULL, '2020-03-04', '2020-03-03 18:30:00'),
('teer-43', 1, 98, NULL, '2020-03-05', '2020-03-04 18:30:00'),
('teer-44', 1, 1, NULL, '2020-03-06', '2020-03-05 18:30:00'),
('teer-45', 1, 3, NULL, '2020-03-07', '2020-03-06 18:30:00'),
('teer-46', 1, 73, NULL, '2020-03-08', '2020-03-07 18:30:00'),
('teer-47', 1, 50, NULL, '2020-03-09', '2020-03-08 18:30:00'),
('teer-48', 1, 37, NULL, '2020-03-10', '2020-03-09 18:30:00'),
('teer-49', 1, 54, NULL, '2020-03-11', '2020-03-10 18:30:00'),
('teer-5', 1, 13, NULL, '2020-05-05', '2020-05-04 18:30:00'),
('teer-50', 1, 99, NULL, '2020-03-12', '2020-03-11 18:30:00'),
('teer-51', 1, 56, NULL, '2020-03-13', '2020-03-12 18:30:00'),
('teer-52', 1, 7, NULL, '2020-03-14', '2020-03-13 18:30:00'),
('teer-53', 1, 77, NULL, '2020-03-15', '2020-03-14 18:30:00'),
('teer-54', 1, 59, NULL, '2020-03-16', '2020-03-15 18:30:00'),
('teer-55', 1, 28, NULL, '2020-03-17', '2020-03-16 18:30:00'),
('teer-56', 1, 12, NULL, '2020-03-18', '2020-03-17 18:30:00'),
('teer-57', 1, 80, NULL, '2020-03-19', '2020-03-18 18:30:00'),
('teer-58', 1, 40, NULL, '2020-03-20', '2020-03-19 18:30:00'),
('teer-59', 1, 55, NULL, '2020-03-21', '2020-03-20 18:30:00'),
('teer-6', 1, 65, NULL, '2020-05-06', '2020-05-05 18:30:00'),
('teer-60', 1, 38, NULL, '2020-03-22', '2020-03-21 18:30:00'),
('teer-61', 1, 79, NULL, '2020-03-23', '2020-03-22 18:30:00'),
('teer-62', 1, 73, NULL, '2020-03-24', '2020-03-23 18:30:00'),
('teer-63', 1, 99, NULL, '2020-03-25', '2020-03-24 18:30:00'),
('teer-64', 1, 93, NULL, '2020-03-26', '2020-03-25 18:30:00'),
('teer-65', 1, 34, NULL, '2020-03-27', '2020-03-26 18:30:00'),
('teer-66', 1, 87, NULL, '2020-03-28', '2020-03-27 18:30:00'),
('teer-67', 1, 72, NULL, '2020-03-29', '2020-03-28 18:30:00'),
('teer-68', 1, 86, NULL, '2020-03-30', '2020-03-29 18:30:00'),
('teer-69', 1, 44, NULL, '2020-03-31', '2020-01-31 18:30:00'),
('teer-7', 1, 88, NULL, '2020-05-07', '2020-05-06 18:30:00'),
('teer-70', 1, 77, NULL, '2020-02-01', '2020-02-01 18:30:00'),
('teer-71', 1, 93, NULL, '2020-02-02', '2020-02-02 18:30:00'),
('teer-72', 1, 73, NULL, '2020-02-03', '2020-02-03 18:30:00'),
('teer-73', 1, 49, NULL, '2020-02-04', '2020-02-04 18:30:00'),
('teer-74', 1, 85, NULL, '2020-02-05', '2020-02-05 18:30:00'),
('teer-75', 1, 90, NULL, '2020-02-06', '2020-02-06 18:30:00'),
('teer-76', 1, 49, NULL, '2020-02-07', '2020-02-07 18:30:00'),
('teer-77', 1, 39, NULL, '2020-02-08', '2020-02-08 18:30:00'),
('teer-78', 1, 15, NULL, '2020-02-09', '2020-02-09 18:30:00'),
('teer-79', 1, 4, NULL, '2020-02-10', '2020-02-10 18:30:00'),
('teer-8', 1, 29, NULL, '2020-05-08', '2020-05-07 18:30:00'),
('teer-80', 1, 13, NULL, '2020-02-11', '2020-02-11 18:30:00'),
('teer-81', 1, 59, NULL, '2020-02-12', '2020-02-12 18:30:00'),
('teer-82', 1, 35, NULL, '2020-02-13', '2020-02-13 18:30:00'),
('teer-83', 1, 31, NULL, '2020-02-14', '2020-02-14 18:30:00'),
('teer-84', 1, 45, NULL, '2020-02-15', '2020-02-15 18:30:00'),
('teer-85', 1, 94, NULL, '2020-02-16', '2020-02-16 18:30:00'),
('teer-86', 1, 17, NULL, '2020-02-17', '2020-02-17 18:30:00'),
('teer-87', 1, 92, NULL, '2020-02-18', '2020-02-18 18:30:00'),
('teer-88', 1, 47, NULL, '2020-02-19', '2020-02-19 18:30:00'),
('teer-89', 1, 56, NULL, '2020-02-20', '2020-02-20 18:30:00'),
('teer-9', 1, 53, NULL, '2020-04-01', '2020-03-31 18:30:00'),
('teer-90', 1, 98, NULL, '2020-02-21', '2020-02-21 18:30:00'),
('teer-91', 1, 1, NULL, '2020-02-22', '2020-02-22 18:30:00'),
('teer-92', 1, 58, NULL, '2020-02-23', '2020-02-23 18:30:00'),
('teer-93', 1, 6, NULL, '2020-02-24', '2020-02-24 18:30:00'),
('teer-94', 1, 88, NULL, '2020-02-25', '2020-02-25 18:30:00'),
('teer-95', 1, 64, NULL, '2020-02-26', '2020-02-26 18:30:00'),
('teer-96', 1, 42, NULL, '2020-02-27', '2020-02-27 18:30:00'),
('teer-97', 1, 88, NULL, '2020-02-28', '2020-02-28 18:30:00'),
('teer-98', 1, 96, NULL, '2020-02-29', '2020-02-29 18:30:00'),
('teer-99', 1, 84, NULL, '2020-01-01', '2019-12-31 18:30:00');

-- --------------------------------------------------------

--
-- Table structure for table `draw_master`
--

CREATE TABLE `draw_master` (
  `draw_master_id` int(11) NOT NULL,
  `status` varchar(20) DEFAULT NULL,
  `start_time` time DEFAULT NULL,
  `meridiem` varchar(20) DEFAULT NULL
) ENGINE=InnoDB DEFAULT CHARSET=utf8;

--
-- Dumping data for table `draw_master`
--

INSERT INTO `draw_master` (`draw_master_id`, `status`, `start_time`, `meridiem`) VALUES
(1, 'first_record', '04:30:00', 'PM'),
(2, 'second_record', '05:30:00', 'PM');

-- --------------------------------------------------------

--
-- Table structure for table `maxtable`
--

CREATE TABLE `maxtable` (
  `id` int(11) NOT NULL,
  `subject_name` varchar(50) DEFAULT NULL,
  `current_value` int(5) UNSIGNED ZEROFILL DEFAULT 00000,
  `prefix` varchar(10) DEFAULT NULL,
  `sufix` varchar(10) DEFAULT NULL,
  `financial_year` int(4) DEFAULT 0
) ENGINE=InnoDB DEFAULT CHARSET=utf8;

--
-- Dumping data for table `maxtable`
--

INSERT INTO `maxtable` (`id`, `subject_name`, `current_value`, `prefix`, `sufix`, `financial_year`) VALUES
(118, 'first_record', 00233, 'FR', NULL, 0),
(122, 'second_record', 00169, 'SR', NULL, 0);

-- --------------------------------------------------------

--
-- Table structure for table `person`
--

CREATE TABLE `person` (
  `person_id` varchar(20) NOT NULL DEFAULT '',
  `person_cat_id` int(11) DEFAULT NULL,
  `person_name` varchar(255) DEFAULT NULL,
  `mobile_no` varchar(12) DEFAULT NULL,
  `email` varchar(255) DEFAULT NULL,
  `user_id` varchar(255) DEFAULT NULL,
  `user_password` varchar(255) DEFAULT NULL,
  `address` varchar(255) DEFAULT NULL,
  `inforce` int(11) DEFAULT 1,
  `state_id` int(11) DEFAULT NULL
) ENGINE=InnoDB DEFAULT CHARSET=utf8;

--
-- Dumping data for table `person`
--

INSERT INTO `person` (`person_id`, `person_cat_id`, `person_name`, `mobile_no`, `email`, `user_id`, `user_password`, `address`, `inforce`, `state_id`) VALUES
('P-0001-1819', 1, 'xyz', NULL, NULL, 'admin', 'e9141de27e01418da1d2dad4b4b466cd', NULL, 1, NULL);

-- --------------------------------------------------------

--
-- Table structure for table `person_category`
--

CREATE TABLE `person_category` (
  `person_cat_id` int(11) NOT NULL,
  `person_cat_name` varchar(255) DEFAULT NULL,
  `inforce` int(11) DEFAULT 1
) ENGINE=InnoDB DEFAULT CHARSET=utf8;

--
-- Dumping data for table `person_category`
--

INSERT INTO `person_category` (`person_cat_id`, `person_cat_name`, `inforce`) VALUES
(1, 'Admin', 1),
(2, 'Developer', 1),
(3, 'Stuff', 1),
(4, 'Customer', 1),
(5, 'Vendor', 1);

-- --------------------------------------------------------

--
-- Table structure for table `test`
--

CREATE TABLE `test` (
  `id` int(11) NOT NULL,
  `record_time` timestamp NOT NULL DEFAULT current_timestamp() ON UPDATE current_timestamp()
) ENGINE=InnoDB DEFAULT CHARSET=latin1;

--
-- Dumping data for table `test`
--

INSERT INTO `test` (`id`, `record_time`) VALUES
(1, '2018-08-01 14:24:19'),
(2, '2018-08-02 00:11:06');

--
-- Indexes for dumped tables
--

--
-- Indexes for table `database_change`
--
ALTER TABLE `database_change`
  ADD PRIMARY KEY (`id`);

--
-- Indexes for table `draw_details`
--
ALTER TABLE `draw_details`
  ADD PRIMARY KEY (`draw_details_id`),
  ADD KEY `draw_master_id` (`draw_master_id`);

--
-- Indexes for table `draw_master`
--
ALTER TABLE `draw_master`
  ADD PRIMARY KEY (`draw_master_id`);

--
-- Indexes for table `maxtable`
--
ALTER TABLE `maxtable`
  ADD PRIMARY KEY (`id`),
  ADD UNIQUE KEY `Uni_key_maxtable` (`subject_name`,`financial_year`);

--
-- Indexes for table `person_category`
--
ALTER TABLE `person_category`
  ADD PRIMARY KEY (`person_cat_id`);

--
-- Indexes for table `test`
--
ALTER TABLE `test`
  ADD PRIMARY KEY (`id`);

--
-- AUTO_INCREMENT for dumped tables
--

--
-- AUTO_INCREMENT for table `maxtable`
--
ALTER TABLE `maxtable`
  MODIFY `id` int(11) NOT NULL AUTO_INCREMENT, AUTO_INCREMENT=123;

--
-- AUTO_INCREMENT for table `test`
--
ALTER TABLE `test`
  MODIFY `id` int(11) NOT NULL AUTO_INCREMENT, AUTO_INCREMENT=3;

--
-- Constraints for dumped tables
--

--
-- Constraints for table `draw_details`
--
ALTER TABLE `draw_details`
  ADD CONSTRAINT `draw_details_ibfk_1` FOREIGN KEY (`draw_master_id`) REFERENCES `draw_master` (`draw_master_id`) ON UPDATE CASCADE;
COMMIT;

/*!40101 SET CHARACTER_SET_CLIENT=@OLD_CHARACTER_SET_CLIENT */;
/*!40101 SET CHARACTER_SET_RESULTS=@OLD_CHARACTER_SET_RESULTS */;
/*!40101 SET COLLATION_CONNECTION=@OLD_COLLATION_CONNECTION */;
